name,hostelid,rate,city,url
HI NYC Hostel,1850,"
                8.7
            ",New York,https://www.hostelworld.com/hosteldetails.php/HI-NYC-Hostel/New-York/1850
The Local NYC,76281,"
                9.1
            ",New York,https://www.hostelworld.com/hosteldetails.php/The-Local-NYC/New-York/76281
Chelsea International Hostel,801,"
                8.0
            ",New York,https://www.hostelworld.com/hosteldetails.php/Chelsea-International-Hostel/New-York/801
NY Moore Hostel,57176,"
                8.9
            ",New York,https://www.hostelworld.com/hosteldetails.php/NY-Moore-Hostel/New-York/57176
Q4 Hotel,58186,"
                7.8
            ",New York,https://www.hostelworld.com/hosteldetails.php/Q4-Hotel/New-York/58186
International Students Residence,76911,"
                7.0
            ",New York,https://www.hostelworld.com/hosteldetails.php/International-Students-Residence/New-York/76911
International Student Center,4547,"
                8.4
            ",New York,https://www.hostelworld.com/hosteldetails.php/International-Student-Center/New-York/4547
Blue Moon Hotel NYC,95644,"
                8.1
            ",New York,https://www.hostelworld.com/hosteldetails.php/Blue-Moon-Hotel-NYC/New-York/95644
Jazz on Columbus Circle,99406,"
                8.0
            ",New York,https://www.hostelworld.com/hosteldetails.php/Jazz-on-Columbus-Circle/New-York/99406
Broadway Hotel n Hostel,16002,"
                7.9
            ",New York,https://www.hostelworld.com/hosteldetails.php/Broadway-Hotel-n-Hostel/New-York/16002
American Dream Hostel,809,"
                8.8
            ",New York,https://www.hostelworld.com/hosteldetails.php/American-Dream-Hostel/New-York/809
Giorgio Hotel,276964,"
                7.9
            ",New York,https://www.hostelworld.com/hosteldetails.php/Giorgio-Hotel/New-York/276964
La Sienna,33822,"
                9.0
            ",New York,https://www.hostelworld.com/hosteldetails.php/La-Sienna/New-York/33822
Canal Loft Hotel,284921,"
                7.8
            ",New York,https://www.hostelworld.com/hosteldetails.php/Canal-Loft-Hotel/New-York/284921
Jazz on the Park Youth Hotel,2294,"
                6.2
            ",New York,https://www.hostelworld.com/hosteldetails.php/Jazz-on-the-Park-Youth-Hotel/New-York/2294
The Brooklyn Riviera,275026,"
                8.5
            ",New York,https://www.hostelworld.com/hosteldetails.php/The-Brooklyn-Riviera/New-York/275026
West Side YMCA,831,"
                9.1
            ",New York,https://www.hostelworld.com/hosteldetails.php/West-Side-YMCA/New-York/831
Freehand New York,283114,"
                9.3
            ",New York,https://www.hostelworld.com/hosteldetails.php/Freehand-New-York/New-York/283114
Hotel & Hostel Vetiver,263751,"
                8.0
            ",New York,https://www.hostelworld.com/hosteldetails.php/Hotel-and-Hostel-Vetiver/New-York/263751
Interfaith Retreats,101378,"
                8.2
            ",New York,https://www.hostelworld.com/hosteldetails.php/Interfaith-Retreats/New-York/101378
Vanderbilt YMCA,815,"
                7.8
            ",New York,https://www.hostelworld.com/hosteldetails.php/Vanderbilt-YMCA/New-York/815
Central Park Studios at Lexington Ave. Co.,22107,"
                6.9
            ",New York,https://www.hostelworld.com/hosteldetails.php/Central-Park-Studios-at-Lexington-Ave-Co-/New-York/22107
Morningside Inn,286,"
                5.9
            ",New York,https://www.hostelworld.com/hosteldetails.php/Morningside-Inn/New-York/286
The Jane,33731,"
                8.6
            ",New York,https://www.hostelworld.com/hosteldetails.php/The-Jane/New-York/33731
Greenpoint YMCA,4561,"
                7.0
            ",New York,https://www.hostelworld.com/hosteldetails.php/Greenpoint-YMCA/New-York/4561
Victorian Inn,289240,"
                4.6
            ",New York,https://www.hostelworld.com/hosteldetails.php/Victorian-Inn/New-York/289240
Central Park West Hostel,47610,"
                6.5
            ",New York,https://www.hostelworld.com/hosteldetails.php/Central-Park-West-Hostel/New-York/47610
The Bowery House,58160,"
                7.0
            ",New York,https://www.hostelworld.com/hosteldetails.php/The-Bowery-House/New-York/58160
Harlem YMCA,4560,"
                8.8
            ",New York,https://www.hostelworld.com/hosteldetails.php/Harlem-YMCA/New-York/4560
Shepherd Guest House,296145,"
                0.0
            ",New York,https://www.hostelworld.com/hosteldetails.php/Shepherd-Guest-House/New-York/296145
Wolcott Hotel,848,"
                8.6
            ",New York,https://www.hostelworld.com/hosteldetails.php/Wolcott-Hotel/New-York/848
Hotel 31,8429,"
                9.3
            ",New York,https://www.hostelworld.com/hosteldetails.php/Hotel-31/New-York/8429
Union Hotel Brooklyn,285142,"
                8.4
            ",New York,https://www.hostelworld.com/hosteldetails.php/Union-Hotel-Brooklyn/New-York/285142
Neptune Hotel,88629,"
                2.3
            ",New York,https://www.hostelworld.com/hosteldetails.php/Neptune-Hotel/New-York/88629
Nesva Hotel,68167,"
                8.0
            ",New York,https://www.hostelworld.com/hosteldetails.php/Nesva-Hotel/New-York/68167
Broadway Lodge,101967,"
                0.0
            ",New York,https://www.hostelworld.com/hosteldetails.php/Broadway-Lodge/New-York/101967
Flushing YMCA,4559,"
                7.3
            ",New York,https://www.hostelworld.com/hosteldetails.php/Flushing-YMCA/New-York/4559
Serenity Guest House,34462,"
                8.9
            ",New York,https://www.hostelworld.com/hosteldetails.php/Serenity-Guest-House/New-York/34462
HI Boston,54929,"
                9.0
            ",Boston,https://www.hostelworld.com/hosteldetails.php/HI-Boston/Boston/54929
Backpackers Hostel & Pub,35211,"
                8.1
            ",Boston,https://www.hostelworld.com/hosteldetails.php/Backpackers-Hostel-and-Pub/Boston/35211
The Farrington Inn,1865,"
                7.6
            ",Boston,https://www.hostelworld.com/hosteldetails.php/The-Farrington-Inn/Boston/1865
"Found Boston Common, Boston, USA.",271439,"
                8.3
            ",Boston,https://www.hostelworld.com/hosteldetails.php/Found-Boston-Common-Boston-USA-/Boston/271439
Boston Homestel,295317,"
                8.5
            ",Boston,https://www.hostelworld.com/hosteldetails.php/Boston-Homestel/Boston/295317
Liberty Fleet of Tall Ships,44178,"
                7.2
            ",Boston,https://www.hostelworld.com/hosteldetails.php/Liberty-Fleet-of-Tall-Ships/Boston/44178
Phoenix Hostel,48221,"
                7.7
            ",London,https://www.hostelworld.com/hosteldetails.php/Phoenix-Hostel/London/48221
Hostel One Notting Hill,291433,"
                9.4
            ",London,https://www.hostelworld.com/hosteldetails.php/Hostel-One-Notting-Hill/London/291433
SoHostel,92473,"
                8.9
            ",London,https://www.hostelworld.com/hosteldetails.php/SoHostel/London/92473
Hostel One Camden,283734,"
                9.4
            ",London,https://www.hostelworld.com/hosteldetails.php/Hostel-One-Camden/London/283734
Queen Elizabeth Chelsea,50443,"
                7.3
            ",London,https://www.hostelworld.com/hosteldetails.php/Queen-Elizabeth-Chelsea/London/50443
Wombats City Hostel London,88047,"
                9.0
            ",London,https://www.hostelworld.com/hosteldetails.php/Wombats-City-Hostel-London/London/88047
Rest Up London,62036,"
                7.0
            ",London,https://www.hostelworld.com/hosteldetails.php/Rest-Up-London/London/62036
Keystone House Kings Cross,43465,"
                7.1
            ",London,https://www.hostelworld.com/hosteldetails.php/Keystone-House-Kings-Cross/London/43465
Safestay London Elephant & Castle,55551,"
                8.3
            ",London,https://www.hostelworld.com/hosteldetails.php/Safestay-London-Elephant-and-Castle/London/55551
Clink261,516,"
                8.0
            ",London,https://www.hostelworld.com/hosteldetails.php/Clink261/London/516
Safestay London Kensington Holland Park,93920,"
                8.4
            ",London,https://www.hostelworld.com/hosteldetails.php/Safestay-London-Kensington-Holland-Park/London/93920
Astor Museum Inn,520,"
                9.0
            ",London,https://www.hostelworld.com/hosteldetails.php/Astor-Museum-Inn/London/520
Astor Hyde Park,25678,"
                8.8
            ",London,https://www.hostelworld.com/hosteldetails.php/Astor-Hyde-Park/London/25678
St Christopher's Village,502,"
                8.5
            ",London,https://www.hostelworld.com/hosteldetails.php/St-Christopher-s-Village/London/502
Astor Victoria,524,"
                8.1
            ",London,https://www.hostelworld.com/hosteldetails.php/Astor-Victoria/London/524
Clink78,21954,"
                8.0
            ",London,https://www.hostelworld.com/hosteldetails.php/Clink78/London/21954
YHA London Oxford Street,6996,"
                9.1
            ",London,https://www.hostelworld.com/hosteldetails.php/YHA-London-Oxford-Street/London/6996
Generator London,510,"
                7.6
            ",London,https://www.hostelworld.com/hosteldetails.php/Generator-London/London/510
The Birds Hostel,283866,"
                7.8
            ",London,https://www.hostelworld.com/hosteldetails.php/The-Birds-Hostel/London/283866
Venture Hostel,14746,"
                7.3
            ",London,https://www.hostelworld.com/hosteldetails.php/Venture-Hostel/London/14746
Palmers Lodge - Hillspring at Willesden Green,36345,"
                8.4
            ",London,https://www.hostelworld.com/hosteldetails.php/Palmers-Lodge-Hillspring-at-Willesden-Green/London/36345
Palmers Lodge - Swiss Cottage,14348,"
                8.7
            ",London,https://www.hostelworld.com/hosteldetails.php/Palmers-Lodge-Swiss-Cottage/London/14348
The Walrus Hostel,58378,"
                8.7
            ",London,https://www.hostelworld.com/hosteldetails.php/The-Walrus-Hostel/London/58378
Hootananny Hostel,24068,"
                7.6
            ",London,https://www.hostelworld.com/hosteldetails.php/Hootananny-Hostel/London/24068
No.8 Willesden Hostel London,18420,"
                7.8
            ",London,https://www.hostelworld.com/hosteldetails.php/No-8-Willesden-Hostel-London/London/18420
Green Rooms,271479,"
                9.3
            ",London,https://www.hostelworld.com/hosteldetails.php/Green-Rooms/London/271479
No.8 Seven Sisters,91108,"
                7.4
            ",London,https://www.hostelworld.com/hosteldetails.php/No-8-Seven-Sisters/London/91108
Saint James Backpackers,70909,"
                8.2
            ",London,https://www.hostelworld.com/hosteldetails.php/Saint-James-Backpackers/London/70909
Via Limehouse,100584,"
                6.8
            ",London,https://www.hostelworld.com/hosteldetails.php/Via-Limehouse/London/100584
Astor Kensington,523,"
                8.4
            ",London,https://www.hostelworld.com/hosteldetails.php/Astor-Kensington/London/523
MEININGER London Hyde Park,17414,"
                8.3
            ",London,https://www.hostelworld.com/hosteldetails.php/MEININGER-London-Hyde-Park/London/17414
St Christopher's Inn - London Bridge,503,"
                8.6
            ",London,https://www.hostelworld.com/hosteldetails.php/St-Christopher-s-Inn-London-Bridge/London/503
YHA London St Pancras,7010,"
                8.9
            ",London,https://www.hostelworld.com/hosteldetails.php/YHA-London-St-Pancras/London/7010
"The Dictionary Hostel, Shoreditch, London",61178,"
                7.0
            ",London,https://www.hostelworld.com/hosteldetails.php/The-Dictionary-Hostel-Shoreditch-London/London/61178
Pickwick Hall,7502,"
                9.1
            ",London,https://www.hostelworld.com/hosteldetails.php/Pickwick-Hall/London/7502
YHA London Central,23598,"
                8.5
            ",London,https://www.hostelworld.com/hosteldetails.php/YHA-London-Central/London/23598
Central Hostel,5159,"
                5.7
            ",London,https://www.hostelworld.com/hosteldetails.php/Central-Hostel/London/5159
Gallery Hyde Park,73177,"
                7.1
            ",London,https://www.hostelworld.com/hosteldetails.php/Gallery-Hyde-Park/London/73177
No.8 at The White Horse,268091,"
                6.5
            ",London,https://www.hostelworld.com/hosteldetails.php/No-8-at-The-White-Horse/London/268091
Abercorn House,34216,"
                7.5
            ",London,https://www.hostelworld.com/hosteldetails.php/Abercorn-House/London/34216
St Christopher's Shepherds Bush,506,"
                8.5
            ",London,https://www.hostelworld.com/hosteldetails.php/St-Christopher-s-Shepherds-Bush/London/506
Barmy Badger Backpackers,64746,"
                9.2
            ",London,https://www.hostelworld.com/hosteldetails.php/Barmy-Badger-Backpackers/London/64746
The Horse and Stables,81959,"
                8.2
            ",London,https://www.hostelworld.com/hosteldetails.php/The-Horse-and-Stables/London/81959
St Christopher's Camden,505,"
                8.2
            ",London,https://www.hostelworld.com/hosteldetails.php/St-Christopher-s-Camden/London/505
Pride of Paddington,48393,"
                7.9
            ",London,https://www.hostelworld.com/hosteldetails.php/Pride-of-Paddington/London/48393
St Christopher's Hammersmith,20976,"
                8.2
            ",London,https://www.hostelworld.com/hosteldetails.php/St-Christopher-s-Hammersmith/London/20976
Dover Castle Hostel and Bar,530,"
                7.7
            ",London,https://www.hostelworld.com/hosteldetails.php/Dover-Castle-Hostel-and-Bar/London/530
Smart Russell Square Hostel,29412,"
                7.2
            ",London,https://www.hostelworld.com/hosteldetails.php/Smart-Russell-Square-Hostel/London/29412
London Backpackers,527,"
                8.2
            ",London,https://www.hostelworld.com/hosteldetails.php/London-Backpackers/London/527
Park Villa,98066,"
                8.9
            ",London,https://www.hostelworld.com/hosteldetails.php/Park-Villa/London/98066
The London Home Hostel,80690,"
                6.1
            ",London,https://www.hostelworld.com/hosteldetails.php/The-London-Home-Hostel/London/80690
Budget London Apartments,11493,"
                7.2
            ",London,https://www.hostelworld.com/hosteldetails.php/Budget-London-Apartments/London/11493
St Christopher's Greenwich,501,"
                7.5
            ",London,https://www.hostelworld.com/hosteldetails.php/St-Christopher-s-Greenwich/London/501
Prime Backpackers Angel,93902,"
                8.3
            ",London,https://www.hostelworld.com/hosteldetails.php/Prime-Backpackers-Angel/London/93902
New Cross Inn Hostel,15204,"
                8.4
            ",London,https://www.hostelworld.com/hosteldetails.php/New-Cross-Inn-Hostel/London/15204
YHA London St Pauls,6977,"
                8.6
            ",London,https://www.hostelworld.com/hosteldetails.php/YHA-London-St-Pauls/London/6977
St Christopher's Oasis-Female Only,504,"
                8.5
            ",London,https://www.hostelworld.com/hosteldetails.php/St-Christopher-s-Oasis-Female-Only/London/504
Strand Continental,51118,"
                7.5
            ",London,https://www.hostelworld.com/hosteldetails.php/Strand-Continental/London/51118
"PubLove @ The White Ferry, Victoria",39761,"
                8.3
            ",London,https://www.hostelworld.com/hosteldetails.php/PubLove-The-White-Ferry-Victoria/London/39761
London Waterloo Hostel,39493,"
                6.7
            ",London,https://www.hostelworld.com/hosteldetails.php/London-Waterloo-Hostel/London/39493
The Backpackshack,63112,"
                8.8
            ",London,https://www.hostelworld.com/hosteldetails.php/The-Backpackshack/London/63112
London365 Hostel,61114,"
                7.0
            ",London,https://www.hostelworld.com/hosteldetails.php/London365-Hostel/London/61114
Smart Hyde Park Inn Hostel,517,"
                7.1
            ",London,https://www.hostelworld.com/hosteldetails.php/Smart-Hyde-Park-Inn-Hostel/London/517
St Christopher's Inn - Liverpool Street,271698,"
                8.2
            ",London,https://www.hostelworld.com/hosteldetails.php/St-Christopher-s-Inn-Liverpool-Street/London/271698
247london Hostel and Private Rooms,64523,"
                6.1
            ",London,https://www.hostelworld.com/hosteldetails.php/247london-Hostel-and-Private-Rooms/London/64523
"PubLove @ The Crown, Battersea",60336,"
                8.2
            ",London,https://www.hostelworld.com/hosteldetails.php/PubLove-The-Crown-Battersea/London/60336
Atlas Hostels,79008,"
                7.0
            ",London,https://www.hostelworld.com/hosteldetails.php/Atlas-Hostels/London/79008
Via London,265813,"
                6.9
            ",London,https://www.hostelworld.com/hosteldetails.php/Via-London/London/265813
"PubLove @ The Exmouth Arms, Euston",93796,"
                7.2
            ",London,https://www.hostelworld.com/hosteldetails.php/PubLove-The-Exmouth-Arms-Euston/London/93796
Barkston Rooms,81305,"
                6.6
            ",London,https://www.hostelworld.com/hosteldetails.php/Barkston-Rooms/London/81305
Aquarius Hotel,278554,"
                4.7
            ",London,https://www.hostelworld.com/hosteldetails.php/Aquarius-Hotel/London/278554
The Lodge at Crystal Palace,46276,"
                8.3
            ",London,https://www.hostelworld.com/hosteldetails.php/The-Lodge-at-Crystal-Palace/London/46276
Central Park Hotel,284176,"
                7.8
            ",London,https://www.hostelworld.com/hosteldetails.php/Central-Park-Hotel/London/284176
Smart Hyde Park View Hostel,8069,"
                7.8
            ",London,https://www.hostelworld.com/hosteldetails.php/Smart-Hyde-Park-View-Hostel/London/8069
EastEnd Beds,289580,"
                4.8
            ",London,https://www.hostelworld.com/hosteldetails.php/EastEnd-Beds/London/289580
"PubLove @ The Steam Engine, Waterloo",29389,"
                7.5
            ",London,https://www.hostelworld.com/hosteldetails.php/PubLove-The-Steam-Engine-Waterloo/London/29389
YHA London Thameside,7000,"
                8.7
            ",London,https://www.hostelworld.com/hosteldetails.php/YHA-London-Thameside/London/7000
The Finnish Church in London,80791,"
                9.2
            ",London,https://www.hostelworld.com/hosteldetails.php/The-Finnish-Church-in-London/London/80791
International Students  House,515,"
                8.5
            ",London,https://www.hostelworld.com/hosteldetails.php/International-Students-House/London/515
Le Junction Hostel - Pub & Garden,90013,"
                6.2
            ",London,https://www.hostelworld.com/hosteldetails.php/Le-Junction-Hostel-Pub-and-Garden/London/90013
Blue Skies Hostel,48530,"
                5.2
            ",London,https://www.hostelworld.com/hosteldetails.php/Blue-Skies-Hostel/London/48530
"PubLove @ The Green Man, Paddington",21953,"
                7.5
            ",London,https://www.hostelworld.com/hosteldetails.php/PubLove-The-Green-Man-Paddington/London/21953
Kensal Green Backpackers,4483,"
                6.2
            ",London,https://www.hostelworld.com/hosteldetails.php/Kensal-Green-Backpackers/London/4483
Paramount Hotel,290937,"
                7.9
            ",London,https://www.hostelworld.com/hosteldetails.php/Paramount-Hotel/London/290937
Mornington Camden,285882,"
                9.1
            ",London,https://www.hostelworld.com/hosteldetails.php/Mornington-Camden/London/285882
Heathrow Lodge,24900,"
                7.1
            ",London,https://www.hostelworld.com/hosteldetails.php/Heathrow-Lodge/London/24900
Heathrow Hostel,64089,"
                5.3
            ",London,https://www.hostelworld.com/hosteldetails.php/Heathrow-Hostel/London/64089
Smart Camden Inn Hostel,596,"
                6.2
            ",London,https://www.hostelworld.com/hosteldetails.php/Smart-Camden-Inn-Hostel/London/596
247 London Studios,84154,"
                9.7
            ",London,https://www.hostelworld.com/hosteldetails.php/247-London-Studios/London/84154
Kip Hotel,266789,"
                8.1
            ",London,https://www.hostelworld.com/hosteldetails.php/Kip-Hotel/London/266789
Chester Hotel Victoria,24750,"
                6.2
            ",London,https://www.hostelworld.com/hosteldetails.php/Chester-Hotel-Victoria/London/24750
Acacia Hostel,6167,"
                6.6
            ",London,https://www.hostelworld.com/hosteldetails.php/Acacia-Hostel/London/6167
St Augustines House,291480,"
                0.0
            ",London,https://www.hostelworld.com/hosteldetails.php/St-Augustines-House/London/291480
YHA London Earls Court,6981,"
                9.0
            ",London,https://www.hostelworld.com/hosteldetails.php/YHA-London-Earls-Court/London/6981
London Town Hotel,32376,"
                9.0
            ",London,https://www.hostelworld.com/hosteldetails.php/London-Town-Hotel/London/32376
Northfields Hostel,34115,"
                5.2
            ",London,https://www.hostelworld.com/hosteldetails.php/Northfields-Hostel/London/34115
Davies Court,45285,"
                7.6
            ",London,https://www.hostelworld.com/hosteldetails.php/Davies-Court/London/45285
Enrico Hotel,5585,"
                7.8
            ",London,https://www.hostelworld.com/hosteldetails.php/Enrico-Hotel/London/5585
Hotel Bluebells,96186,"
                9.4
            ",London,https://www.hostelworld.com/hosteldetails.php/Hotel-Bluebells/London/96186
Jaeger Acton Hostel,15584,"
                7.3
            ",London,https://www.hostelworld.com/hosteldetails.php/Jaeger-Acton-Hostel/London/15584
Hyde Park Gate,295146,"
                0.0
            ",London,https://www.hostelworld.com/hosteldetails.php/Hyde-Park-Gate/London/295146
Best London Hostels,72053,"
                6.0
            ",London,https://www.hostelworld.com/hosteldetails.php/Best-London-Hostels/London/72053
Chelsea House Hotel,35496,"
                8.1
            ",London,https://www.hostelworld.com/hosteldetails.php/Chelsea-House-Hotel/London/35496
ALL STAR PRIVATE STUDIOS,24709,"
                7.0
            ",London,https://www.hostelworld.com/hosteldetails.php/ALL-STAR-PRIVATE-STUDIOS/London/24709
Mapesbury Hostel,19667,"
                5.9
            ",London,https://www.hostelworld.com/hosteldetails.php/Mapesbury-Hostel/London/19667
MacDonald Hotel,4077,"
                7.9
            ",London,https://www.hostelworld.com/hosteldetails.php/MacDonald-Hotel/London/4077
Fairway Hotel,81121,"
                10.0
            ",London,https://www.hostelworld.com/hosteldetails.php/Fairway-Hotel/London/81121
Marble Arch Inn,13337,"
                8.2
            ",London,https://www.hostelworld.com/hosteldetails.php/Marble-Arch-Inn/London/13337
The Crystal Lodge Hotel,96148,"
                2.9
            ",London,https://www.hostelworld.com/hosteldetails.php/The-Crystal-Lodge-Hotel/London/96148
Heathrow LHR Apartments,284380,"
                9.3
            ",London,https://www.hostelworld.com/hosteldetails.php/Heathrow-LHR-Apartments/London/284380
CityLiveIn London Wembley,278245,"
                4.6
            ",London,https://www.hostelworld.com/hosteldetails.php/CityLiveIn-London-Wembley/London/278245
Maitrise Wembley,293956,"
                0.0
            ",London,https://www.hostelworld.com/hosteldetails.php/Maitrise-Wembley/London/293956
Elmwood Hotel,34338,"
                7.9
            ",London,https://www.hostelworld.com/hosteldetails.php/Elmwood-Hotel/London/34338
Euro Hotel Hammersmith,83156,"
                7.9
            ",London,https://www.hostelworld.com/hosteldetails.php/Euro-Hotel-Hammersmith/London/83156
Sara Hotel,6345,"
                8.9
            ",London,https://www.hostelworld.com/hosteldetails.php/Sara-Hotel/London/6345
Hyde Park Court Hotel,5107,"
                2.6
            ",London,https://www.hostelworld.com/hosteldetails.php/Hyde-Park-Court-Hotel/London/5107
The Ambassador Heathrow Hotel,21896,"
                10.0
            ",London,https://www.hostelworld.com/hosteldetails.php/The-Ambassador-Heathrow-Hotel/London/21896
The W14 Hotel & Bar,50220,"
                9.4
            ",London,https://www.hostelworld.com/hosteldetails.php/The-W14-Hotel-and-Bar/London/50220
Beaconsfield,11708,"
                8.6
            ",London,https://www.hostelworld.com/hosteldetails.php/Beaconsfield/London/11708
Victor Hotel,76699,"
                7.1
            ",London,https://www.hostelworld.com/hosteldetails.php/Victor-Hotel/London/76699
City Hotel Carlton,27551,"
                0.0
            ",London,https://www.hostelworld.com/hosteldetails.php/City-Hotel-Carlton/London/27551
Ridgeway Hotel,82826,"
                0.0
            ",London,https://www.hostelworld.com/hosteldetails.php/Ridgeway-Hotel/London/82826
Curzon House Hotel,7240,"
                0.0
            ",London,https://www.hostelworld.com/hosteldetails.php/Curzon-House-Hotel/London/7240
London House Hotel,529,"
                0.0
            ",London,https://www.hostelworld.com/hosteldetails.php/London-House-Hotel/London/529
23 Matheson Road,290938,"
                8.6
            ",London,https://www.hostelworld.com/hosteldetails.php/23-Matheson-Road/London/290938
Hyde Park Superior Apartments,271903,"
                6.9
            ",London,https://www.hostelworld.com/hosteldetails.php/Hyde-Park-Superior-Apartments/London/271903
Hanover Hotel,6252,"
                8.0
            ",London,https://www.hostelworld.com/hosteldetails.php/Hanover-Hotel/London/6252
Tony's House Hotel,8503,"
                3.4
            ",London,https://www.hostelworld.com/hosteldetails.php/Tony-s-House-Hotel/London/8503
London Wembley International Hotel,26351,"
                6.9
            ",London,https://www.hostelworld.com/hosteldetails.php/London-Wembley-International-Hotel/London/26351
Princes Square Hotel,35590,"
                0.0
            ",London,https://www.hostelworld.com/hosteldetails.php/Princes-Square-Hotel/London/35590
Imperial Court Suites,270842,"
                6.4
            ",London,https://www.hostelworld.com/hosteldetails.php/Imperial-Court-Suites/London/270842
Goddis Lodge,70632,"
                4.3
            ",London,https://www.hostelworld.com/hosteldetails.php/Goddis-Lodge/London/70632
Revive Lodge,30189,"
                8.9
            ",London,https://www.hostelworld.com/hosteldetails.php/Revive-Lodge/London/30189
Dean Court,101860,"
                6.9
            ",London,https://www.hostelworld.com/hosteldetails.php/Dean-Court/London/101860
The Dover,267341,"
                10.0
            ",London,https://www.hostelworld.com/hosteldetails.php/The-Dover/London/267341
Access City,271429,"
                0.0
            ",London,https://www.hostelworld.com/hosteldetails.php/Access-City/London/271429
Best Western Boltons London Kensington,266666,"
                0.0
            ",London,https://www.hostelworld.com/hosteldetails.php/Best-Western-Boltons-London-Kensington/London/266666
Barry House,287321,"
                2.0
            ",London,https://www.hostelworld.com/hosteldetails.php/Barry-House/London/287321
Access Camden,267890,"
                0.0
            ",London,https://www.hostelworld.com/hosteldetails.php/Access-Camden/London/267890
Kings Cross Guesthouse,81486,"
                2.0
            ",London,https://www.hostelworld.com/hosteldetails.php/Kings-Cross-Guesthouse/London/81486
Lord Kensington Hotel,8781,"
                0.0
            ",London,https://www.hostelworld.com/hosteldetails.php/Lord-Kensington-Hotel/London/8781
Balham Lodge,19933,"
                0.0
            ",London,https://www.hostelworld.com/hosteldetails.php/Balham-Lodge/London/19933
Belgrave Hotel London,268771,"
                0.0
            ",London,https://www.hostelworld.com/hosteldetails.php/Belgrave-Hotel-London/London/268771
Access Paddington,274823,"
                0.0
            ",London,https://www.hostelworld.com/hosteldetails.php/Access-Paddington/London/274823
Access Maida Vale,274827,"
                0.0
            ",London,https://www.hostelworld.com/hosteldetails.php/Access-Maida-Vale/London/274827
Access Euston,274828,"
                0.0
            ",London,https://www.hostelworld.com/hosteldetails.php/Access-Euston/London/274828
Access Maida Vale North,274829,"
                0.0
            ",London,https://www.hostelworld.com/hosteldetails.php/Access-Maida-Vale-North/London/274829
Airways Hotel Victoria London,16289,"
                0.0
            ",London,https://www.hostelworld.com/hosteldetails.php/Airways-Hotel-Victoria-London/London/16289
Access Earl's Court,274825,"
                0.0
            ",London,https://www.hostelworld.com/hosteldetails.php/Access-Earl-s-Court/London/274825
Access Kensington Olympia,272716,"
                0.0
            ",London,https://www.hostelworld.com/hosteldetails.php/Access-Kensington-Olympia/London/272716
Accommodation London Bridge,269344,"
                0.0
            ",London,https://www.hostelworld.com/hosteldetails.php/Accommodation-London-Bridge/London/269344
Imperial Court Studios,271904,"
                8.9
            ",London,https://www.hostelworld.com/hosteldetails.php/Imperial-Court-Studios/London/271904
Emblem Hostel Nishiarai,102785,"
                9.4
            ",Tokyo,https://www.hostelworld.com/hosteldetails.php/Emblem-Hostel-Nishiarai/Tokyo/102785
Space Hostel Tokyo,91519,"
                9.1
            ",Tokyo,https://www.hostelworld.com/hosteldetails.php/Space-Hostel-Tokyo/Tokyo/91519
Hop Step Inn,279329,"
                9.1
            ",Tokyo,https://www.hostelworld.com/hosteldetails.php/Hop-Step-Inn/Tokyo/279329
Uno Ueno,280247,"
                9.0
            ",Tokyo,https://www.hostelworld.com/hosteldetails.php/Uno-Ueno/Tokyo/280247
Sakura Hotel Nippori,277119,"
                9.5
            ",Tokyo,https://www.hostelworld.com/hosteldetails.php/Sakura-Hotel-Nippori/Tokyo/277119
Planetyze Hostel,275223,"
                8.9
            ",Tokyo,https://www.hostelworld.com/hosteldetails.php/Planetyze-Hostel/Tokyo/275223
Grids Tokyo Asakusa-Bashi Hotel&Hostel,280284,"
                9.2
            ",Tokyo,https://www.hostelworld.com/hosteldetails.php/Grids-Tokyo-Asakusa-Bashi-Hotel-and-Hostel/Tokyo/280284
Sakura Hostel Asakusa,15725,"
                8.9
            ",Tokyo,https://www.hostelworld.com/hosteldetails.php/Sakura-Hostel-Asakusa/Tokyo/15725
Oakhostel Cabin,93143,"
                8.8
            ",Tokyo,https://www.hostelworld.com/hosteldetails.php/Oakhostel-Cabin/Tokyo/93143
Hostel bedgasm,272463,"
                9.5
            ",Tokyo,https://www.hostelworld.com/hosteldetails.php/Hostel-bedgasm/Tokyo/272463
GRIDS TOKYO AKIHABARA HOTEL&HOSTEL,95001,"
                9.1
            ",Tokyo,https://www.hostelworld.com/hosteldetails.php/GRIDS-TOKYO-AKIHABARA-HOTEL-and-HOSTEL/Tokyo/95001
Bunka Hostel Tokyo,100416,"
                9.2
            ",Tokyo,https://www.hostelworld.com/hosteldetails.php/Bunka-Hostel-Tokyo/Tokyo/100416
Imano Tokyo Ginza Hostel,279367,"
                8.9
            ",Tokyo,https://www.hostelworld.com/hosteldetails.php/Imano-Tokyo-Ginza-Hostel/Tokyo/279367
Guesthouse Fete,263266,"
                9.0
            ",Tokyo,https://www.hostelworld.com/hosteldetails.php/Guesthouse-Fete/Tokyo/263266
Hostelï¼CafÃ© East57 Asakusabashi,277115,"
                8.6
            ",Tokyo,https://www.hostelworld.com/hosteldetails.php/HostelCafe-East57-Asakusabashi/Tokyo/277115
UNPLAN Shinjuku,294428,"
                9.3
            ",Tokyo,https://www.hostelworld.com/hosteldetails.php/UNPLAN-Shinjuku/Tokyo/294428
Nui. Hostel & Bar Lounge,67481,"
                9.4
            ",Tokyo,https://www.hostelworld.com/hosteldetails.php/Nui-Hostel-and-Bar-Lounge/Tokyo/67481
Wise Owl Hostels Tokyo,268185,"
                9.3
            ",Tokyo,https://www.hostelworld.com/hosteldetails.php/Wise-Owl-Hostels-Tokyo/Tokyo/268185
Kaisu Hostel,98774,"
                9.4
            ",Tokyo,https://www.hostelworld.com/hosteldetails.php/Kaisu-Hostel/Tokyo/98774
CITAN Hostel,274237,"
                9.3
            ",Tokyo,https://www.hostelworld.com/hosteldetails.php/CITAN-Hostel/Tokyo/274237
Anne Hostel Yokozuna,91050,"
                9.0
            ",Tokyo,https://www.hostelworld.com/hosteldetails.php/Anne-Hostel-Yokozuna/Tokyo/91050
Wise Owl Hostels Shibuya,275924,"
                9.0
            ",Tokyo,https://www.hostelworld.com/hosteldetails.php/Wise-Owl-Hostels-Shibuya/Tokyo/275924
hostel DEN,284821,"
                9.3
            ",Tokyo,https://www.hostelworld.com/hosteldetails.php/hostel-DEN/Tokyo/284821
UNPLAN Kagurazaka,265421,"
                9.4
            ",Tokyo,https://www.hostelworld.com/hosteldetails.php/UNPLAN-Kagurazaka/Tokyo/265421
Hotel Graphy Nezu,73386,"
                8.8
            ",Tokyo,https://www.hostelworld.com/hosteldetails.php/Hotel-Graphy-Nezu/Tokyo/73386
Backpackers Hostel K's House Tokyo,16019,"
                9.3
            ",Tokyo,https://www.hostelworld.com/hosteldetails.php/Backpackers-Hostel-K-s-House-Tokyo/Tokyo/16019
Imano Tokyo Hostel,100620,"
                9.0
            ",Tokyo,https://www.hostelworld.com/hosteldetails.php/Imano-Tokyo-Hostel/Tokyo/100620
Anne Hostel Asakusabashi,32652,"
                8.9
            ",Tokyo,https://www.hostelworld.com/hosteldetails.php/Anne-Hostel-Asakusabashi/Tokyo/32652
Focus Kuramae,294343,"
                9.1
            ",Tokyo,https://www.hostelworld.com/hosteldetails.php/Focus-Kuramae/Tokyo/294343
Khaosan Tokyo Samurai,95634,"
                9.3
            ",Tokyo,https://www.hostelworld.com/hosteldetails.php/Khaosan-Tokyo-Samurai/Tokyo/95634
Hotel&Hostel On the Marks Tokyo Kawasaki,99126,"
                9.3
            ",Tokyo,https://www.hostelworld.com/hosteldetails.php/Hotel-and-Hostel-On-the-Marks-Tokyo-Kawasaki/Tokyo/99126
The Millennials Shibuya,285601,"
                9.6
            ",Tokyo,https://www.hostelworld.com/hosteldetails.php/The-Millennials-Shibuya/Tokyo/285601
Hikari House,101241,"
                8.9
            ",Tokyo,https://www.hostelworld.com/hosteldetails.php/Hikari-House/Tokyo/101241
AS House (Asakusa Smile),31305,"
                7.8
            ",Tokyo,https://www.hostelworld.com/hosteldetails.php/AS-House-Asakusa-Smile/Tokyo/31305
GRIDS TOKYO NIHOMBASHI EAST HOTEL&HOSTEL,102834,"
                9.6
            ",Tokyo,https://www.hostelworld.com/hosteldetails.php/GRIDS-TOKYO-NIHOMBASHI-EAST-HOTEL-and-HOSTEL/Tokyo/102834
Almond hostel & cafe Shibuya,278423,"
                8.9
            ",Tokyo,https://www.hostelworld.com/hosteldetails.php/Almond-hostel-and-cafe-Shibuya/Tokyo/278423
RYOKANï¼HOSTEL WASABI Nippori,88791,"
                9.0
            ",Tokyo,https://www.hostelworld.com/hosteldetails.php/RYOKANHOSTEL-WASABI-Nippori/Tokyo/88791
Tokyo Hostel Fuji,271785,"
                9.2
            ",Tokyo,https://www.hostelworld.com/hosteldetails.php/Tokyo-Hostel-Fuji/Tokyo/271785
Khaosan Tokyo Origami,88794,"
                9.2
            ",Tokyo,https://www.hostelworld.com/hosteldetails.php/Khaosan-Tokyo-Origami/Tokyo/88794
Zabutton Hostel,93095,"
                9.2
            ",Tokyo,https://www.hostelworld.com/hosteldetails.php/Zabutton-Hostel/Tokyo/93095
Oakhostel Fuji,265646,"
                8.2
            ",Tokyo,https://www.hostelworld.com/hosteldetails.php/Oakhostel-Fuji/Tokyo/265646
Hostel Chapter Two Tokyo,283855,"
                9.7
            ",Tokyo,https://www.hostelworld.com/hosteldetails.php/Hostel-Chapter-Two-Tokyo/Tokyo/283855
Turn Table Hostel,284581,"
                8.7
            ",Tokyo,https://www.hostelworld.com/hosteldetails.php/Turn-Table-Hostel/Tokyo/284581
Obi Hostel,274874,"
                8.5
            ",Tokyo,https://www.hostelworld.com/hosteldetails.php/Obi-Hostel/Tokyo/274874
JGH Tokyo,87951,"
                7.5
            ",Tokyo,https://www.hostelworld.com/hosteldetails.php/JGH-Tokyo/Tokyo/87951
IRORI Nihonbashi Hostel and Kitchen,100932,"
                8.5
            ",Tokyo,https://www.hostelworld.com/hosteldetails.php/IRORI-Nihonbashi-Hostel-and-Kitchen/Tokyo/100932
Oak Hostel Zen,85697,"
                9.0
            ",Tokyo,https://www.hostelworld.com/hosteldetails.php/Oak-Hostel-Zen/Tokyo/85697
Hiromas Hostel in Kanda,276841,"
                7.9
            ",Tokyo,https://www.hostelworld.com/hosteldetails.php/Hiromas-Hostel-in-Kanda/Tokyo/276841
Ace Inn Shinjuku,20457,"
                8.0
            ",Tokyo,https://www.hostelworld.com/hosteldetails.php/Ace-Inn-Shinjuku/Tokyo/20457
Homeikan,1133,"
                9.2
            ",Tokyo,https://www.hostelworld.com/hosteldetails.php/Homeikan/Tokyo/1133
Khaosan Tokyo Kabuki,47084,"
                9.2
            ",Tokyo,https://www.hostelworld.com/hosteldetails.php/Khaosan-Tokyo-Kabuki/Tokyo/47084
Quality Hostel K's House Tokyo Oasis,38396,"
                9.2
            ",Tokyo,https://www.hostelworld.com/hosteldetails.php/Quality-Hostel-K-s-House-Tokyo-Oasis/Tokyo/38396
Hostel Pumpkey Tokyo,284499,"
                8.2
            ",Tokyo,https://www.hostelworld.com/hosteldetails.php/Hostel-Pumpkey-Tokyo/Tokyo/284499
Hostel WAQWAQ Tokyo Ueno Asakusa,284498,"
                8.4
            ",Tokyo,https://www.hostelworld.com/hosteldetails.php/Hostel-WAQWAQ-Tokyo-Ueno-Asakusa/Tokyo/284498
Playsis East Tokyo,287001,"
                8.9
            ",Tokyo,https://www.hostelworld.com/hosteldetails.php/Playsis-East-Tokyo/Tokyo/287001
Khaosan World Ryogoku Hostel,275477,"
                8.9
            ",Tokyo,https://www.hostelworld.com/hosteldetails.php/Khaosan-World-Ryogoku-Hostel/Tokyo/275477
Sakura Hotel Ikebukuro,22747,"
                7.9
            ",Tokyo,https://www.hostelworld.com/hosteldetails.php/Sakura-Hotel-Ikebukuro/Tokyo/22747
Asakusa Hostel Toukaisou,15493,"
                9.3
            ",Tokyo,https://www.hostelworld.com/hosteldetails.php/Asakusa-Hostel-Toukaisou/Tokyo/15493
ARTnSHELTER,101399,"
                8.8
            ",Tokyo,https://www.hostelworld.com/hosteldetails.php/ARTnSHELTER/Tokyo/101399
&And Hostel Akihabara,283418,"
                8.8
            ",Tokyo,https://www.hostelworld.com/hosteldetails.php/-and-And-Hostel-Akihabara/Tokyo/283418
Little Japan,277898,"
                9.2
            ",Tokyo,https://www.hostelworld.com/hosteldetails.php/Little-Japan/Tokyo/277898
YADOYA Guesthouse Green,48451,"
                7.5
            ",Tokyo,https://www.hostelworld.com/hosteldetails.php/YADOYA-Guesthouse-Green/Tokyo/48451
Toco Tokyo Heritage Hostel,46418,"
                9.4
            ",Tokyo,https://www.hostelworld.com/hosteldetails.php/Toco-Tokyo-Heritage-Hostel/Tokyo/46418
MyCUBE by MYSTAYS Asakusa-Kuramae,272217,"
                9.3
            ",Tokyo,https://www.hostelworld.com/hosteldetails.php/MyCUBE-by-MYSTAYS-Asakusa-Kuramae/Tokyo/272217
Kikka,291488,"
                8.6
            ",Tokyo,https://www.hostelworld.com/hosteldetails.php/Kikka/Tokyo/291488
Iza Tokyo Asakusa Guesthouse,266642,"
                8.8
            ",Tokyo,https://www.hostelworld.com/hosteldetails.php/Iza-Tokyo-Asakusa-Guesthouse/Tokyo/266642
Stayto (former: Oak Hotel),53367,"
                8.2
            ",Tokyo,https://www.hostelworld.com/hosteldetails.php/Stayto-former-Oak-Hotel/Tokyo/53367
The Wardrobe Hostel Record,294517,"
                8.9
            ",Tokyo,https://www.hostelworld.com/hosteldetails.php/The-Wardrobe-Hostel-Record/Tokyo/294517
Juyoh Hotel,76168,"
                9.3
            ",Tokyo,https://www.hostelworld.com/hosteldetails.php/Juyoh-Hotel/Tokyo/76168
Book And Bed Tokyo Ikebukuro,264865,"
                8.8
            ",Tokyo,https://www.hostelworld.com/hosteldetails.php/Book-And-Bed-Tokyo-Ikebukuro/Tokyo/264865
Guest House Shinagawa-shuku Tokyo,38400,"
                9.2
            ",Tokyo,https://www.hostelworld.com/hosteldetails.php/Guest-House-Shinagawa-shuku-Tokyo/Tokyo/38400
Khaosan World Asakusa RYOKAN & HOSTEL,79505,"
                8.8
            ",Tokyo,https://www.hostelworld.com/hosteldetails.php/Khaosan-World-Asakusa-RYOKAN-and-HOSTEL/Tokyo/79505
Tokyo Sumidagawa Youth Hostel,56097,"
                8.6
            ",Tokyo,https://www.hostelworld.com/hosteldetails.php/Tokyo-Sumidagawa-Youth-Hostel/Tokyo/56097
Book And Bed Tokyo Asakusa,281524,"
                8.7
            ",Tokyo,https://www.hostelworld.com/hosteldetails.php/Book-And-Bed-Tokyo-Asakusa/Tokyo/281524
Centurion Ladies Hostel Uenopark (Female only),274804,"
                9.0
            ",Tokyo,https://www.hostelworld.com/hosteldetails.php/Centurion-Ladies-Hostel-Uenopark-Female-only/Tokyo/274804
Hostel Wahaku Kotobuki,288767,"
                8.4
            ",Tokyo,https://www.hostelworld.com/hosteldetails.php/Hostel-Wahaku-Kotobuki/Tokyo/288767
bnb+Shinjuku Castle,282677,"
                7.3
            ",Tokyo,https://www.hostelworld.com/hosteldetails.php/bnbShinjuku-Castle/Tokyo/282677
Sadou Hostel Tokyo Ueno,295352,"
                9.8
            ",Tokyo,https://www.hostelworld.com/hosteldetails.php/Sadou-Hostel-Tokyo-Ueno/Tokyo/295352
Good Diner Inn Copain,269709,"
                9.1
            ",Tokyo,https://www.hostelworld.com/hosteldetails.php/Good-Diner-Inn-Copain/Tokyo/269709
Train Hostel HOKUTOSEI,272910,"
                8.9
            ",Tokyo,https://www.hostelworld.com/hosteldetails.php/Train-Hostel-HOKUTOSEI/Tokyo/272910
Tadaima Japan Shinjuku Ryokan,284493,"
                8.0
            ",Tokyo,https://www.hostelworld.com/hosteldetails.php/Tadaima-Japan-Shinjuku-Ryokan/Tokyo/284493
Top  Edge Hostel Koenji,294355,"
                8.3
            ",Tokyo,https://www.hostelworld.com/hosteldetails.php/Top-Edge-Hostel-Koenji/Tokyo/294355
328 Hostel & Lounge,90420,"
                9.6
            ",Tokyo,https://www.hostelworld.com/hosteldetails.php/328-Hostel-and-Lounge/Tokyo/90420
&And Hostel Kanda,289744,"
                8.0
            ",Tokyo,https://www.hostelworld.com/hosteldetails.php/-and-And-Hostel-Kanda/Tokyo/289744
Akihabara Hotel 3000,264449,"
                9.7
            ",Tokyo,https://www.hostelworld.com/hosteldetails.php/Akihabara-Hotel-3000/Tokyo/264449
DJ Hostel Ginza,293647,"
                8.9
            ",Tokyo,https://www.hostelworld.com/hosteldetails.php/DJ-Hostel-Ginza/Tokyo/293647
&And Hostel Ueno,278139,"
                8.8
            ",Tokyo,https://www.hostelworld.com/hosteldetails.php/-and-And-Hostel-Ueno/Tokyo/278139
Beagle Tokyo Hostel & Apartments,281987,"
                9.4
            ",Tokyo,https://www.hostelworld.com/hosteldetails.php/Beagle-Tokyo-Hostel-and-Apartments/Tokyo/281987
The Wardrobe Hostel Roppongi,290768,"
                7.0
            ",Tokyo,https://www.hostelworld.com/hosteldetails.php/The-Wardrobe-Hostel-Roppongi/Tokyo/290768
Guesthouse Sensu,275113,"
                9.3
            ",Tokyo,https://www.hostelworld.com/hosteldetails.php/Guesthouse-Sensu/Tokyo/275113
Capsule Inn Kinshichou,37256,"
                8.5
            ",Tokyo,https://www.hostelworld.com/hosteldetails.php/Capsule-Inn-Kinshichou/Tokyo/37256
Comfybed Yoyogi,293959,"
                0.0
            ",Tokyo,https://www.hostelworld.com/hosteldetails.php/Comfybed-Yoyogi/Tokyo/293959
bnb+Tokyo Tamachi,293757,"
                7.9
            ",Tokyo,https://www.hostelworld.com/hosteldetails.php/bnbTokyo-Tamachi/Tokyo/293757
Comfybed Azabujuban,293813,"
                0.0
            ",Tokyo,https://www.hostelworld.com/hosteldetails.php/Comfybed-Azabujuban/Tokyo/293813
&And Hostel Asakusa,296122,"
                0.0
            ",Tokyo,https://www.hostelworld.com/hosteldetails.php/-and-And-Hostel-Asakusa/Tokyo/296122
&And Hostel-Asakusa North-,276202,"
                7.3
            ",Tokyo,https://www.hostelworld.com/hosteldetails.php/-and-And-Hostel-Asakusa-North-/Tokyo/276202
bnb+Post Town Shinbashi,293754,"
                8.9
            ",Tokyo,https://www.hostelworld.com/hosteldetails.php/bnbPost-Town-Shinbashi/Tokyo/293754
Busoan Library & Hostel,294713,"
                0.0
            ",Tokyo,https://www.hostelworld.com/hosteldetails.php/Busoan-Library-and-Hostel/Tokyo/294713
bnb+Asakusa Kuramae,293759,"
                5.7
            ",Tokyo,https://www.hostelworld.com/hosteldetails.php/bnbAsakusa-Kuramae/Tokyo/293759
bnb+Asakusa Hostel,293758,"
                0.0
            ",Tokyo,https://www.hostelworld.com/hosteldetails.php/bnbAsakusa-Hostel/Tokyo/293758
bnb+Secret Base Mejiro,293751,"
                0.0
            ",Tokyo,https://www.hostelworld.com/hosteldetails.php/bnbSecret-Base-Mejiro/Tokyo/293751
The Micro Museum Hostel,294856,"
                0.0
            ",Tokyo,https://www.hostelworld.com/hosteldetails.php/The-Micro-Museum-Hostel/Tokyo/294856
bnb+Kanda Terrace Ogawamachi,293752,"
                8.6
            ",Tokyo,https://www.hostelworld.com/hosteldetails.php/bnbKanda-Terrace-Ogawamachi/Tokyo/293752
Mustard Hotel Asakusa1,295312,"
                0.0
            ",Tokyo,https://www.hostelworld.com/hosteldetails.php/Mustard-Hotel-Asakusa1/Tokyo/295312
Oakhostel Sakura,278014,"
                9.0
            ",Tokyo,https://www.hostelworld.com/hosteldetails.php/Oakhostel-Sakura/Tokyo/278014
Jimbocho Sakura Hotel,4662,"
                8.7
            ",Tokyo,https://www.hostelworld.com/hosteldetails.php/Jimbocho-Sakura-Hotel/Tokyo/4662
Ikidane House Asakusa Hatago,285893,"
                9.4
            ",Tokyo,https://www.hostelworld.com/hosteldetails.php/Ikidane-House-Asakusa-Hatago/Tokyo/285893
1night1980hostel Tokyo,86643,"
                7.7
            ",Tokyo,https://www.hostelworld.com/hosteldetails.php/1night1980hostel-Tokyo/Tokyo/86643
Guest House Denchi,277899,"
                9.9
            ",Tokyo,https://www.hostelworld.com/hosteldetails.php/Guest-House-Denchi/Tokyo/277899
Hostel Kura,290681,"
                8.9
            ",Tokyo,https://www.hostelworld.com/hosteldetails.php/Hostel-Kura/Tokyo/290681
Senju Tamuraya,290603,"
                9.8
            ",Tokyo,https://www.hostelworld.com/hosteldetails.php/Senju-Tamuraya/Tokyo/290603
Ikidane House,274006,"
                8.6
            ",Tokyo,https://www.hostelworld.com/hosteldetails.php/Ikidane-House/Tokyo/274006
Family & bAKpAK Tokyo Hostel,61467,"
                5.4
            ",Tokyo,https://www.hostelworld.com/hosteldetails.php/Family-and-bAKpAK-Tokyo-Hostel/Tokyo/61467
Koenji Junjo Hotel,285896,"
                8.8
            ",Tokyo,https://www.hostelworld.com/hosteldetails.php/Koenji-Junjo-Hotel/Tokyo/285896
&And Hostel Asakusa Station,289672,"
                9.6
            ",Tokyo,https://www.hostelworld.com/hosteldetails.php/-and-And-Hostel-Asakusa-Station/Tokyo/289672
Asakusahotel Wasou,271945,"
                8.4
            ",Tokyo,https://www.hostelworld.com/hosteldetails.php/Asakusahotel-Wasou/Tokyo/271945
Shimokita Hostel,286830,"
                10.0
            ",Tokyo,https://www.hostelworld.com/hosteldetails.php/Shimokita-Hostel/Tokyo/286830
YADOYA Guesthouse Orange,93939,"
                5.1
            ",Tokyo,https://www.hostelworld.com/hosteldetails.php/YADOYA-Guesthouse-Orange/Tokyo/93939
Oak Hotel Edo,272749,"
                0.0
            ",Tokyo,https://www.hostelworld.com/hosteldetails.php/Oak-Hotel-Edo/Tokyo/272749
Capsule Hotel Anshin Oyado Ogikubo,270313,"
                10.0
            ",Tokyo,https://www.hostelworld.com/hosteldetails.php/Capsule-Hotel-Anshin-Oyado-Ogikubo/Tokyo/270313
Asakusa Ryokan Toukaisou,11157,"
                8.6
            ",Tokyo,https://www.hostelworld.com/hosteldetails.php/Asakusa-Ryokan-Toukaisou/Tokyo/11157
Sukeroku-no-Yado Sadachiyo,29483,"
                9.9
            ",Tokyo,https://www.hostelworld.com/hosteldetails.php/Sukeroku-no-Yado-Sadachiyo/Tokyo/29483
J's Backpackers,93709,"
                8.1
            ",Tokyo,https://www.hostelworld.com/hosteldetails.php/J-s-Backpackers/Tokyo/93709
Khaosan Tokyo Laboratory,74311,"
                8.7
            ",Tokyo,https://www.hostelworld.com/hosteldetails.php/Khaosan-Tokyo-Laboratory/Tokyo/74311
Hiromas Hostel in Akiba,283389,"
                8.1
            ",Tokyo,https://www.hostelworld.com/hosteldetails.php/Hiromas-Hostel-in-Akiba/Tokyo/283389
bnb+ Ikebana Okina Yotsuya,282675,"
                8.9
            ",Tokyo,https://www.hostelworld.com/hosteldetails.php/bnb-Ikebana-Okina-Yotsuya/Tokyo/282675
Ryoma Ikebukuro I,286220,"
                0.0
            ",Tokyo,https://www.hostelworld.com/hosteldetails.php/Ryoma-Ikebukuro-I/Tokyo/286220
Capsule Hotel Anshin Oyado Shinbashi Shiodome,281076,"
                9.1
            ",Tokyo,https://www.hostelworld.com/hosteldetails.php/Capsule-Hotel-Anshin-Oyado-Shinbashi-Shiodome/Tokyo/281076
bnb+TripCommunityTokyo,282618,"
                7.1
            ",Tokyo,https://www.hostelworld.com/hosteldetails.php/bnbTripCommunityTokyo/Tokyo/282618
Guesthouse Kagaribi,273011,"
                9.3
            ",Tokyo,https://www.hostelworld.com/hosteldetails.php/Guesthouse-Kagaribi/Tokyo/273011
Seven Garden,291531,"
                7.4
            ",Tokyo,https://www.hostelworld.com/hosteldetails.php/Seven-Garden/Tokyo/291531
Capsule Value Kanda,66487,"
                7.1
            ",Tokyo,https://www.hostelworld.com/hosteldetails.php/Capsule-Value-Kanda/Tokyo/66487
Capsule Hotel Anshin Oyado Akihabara,281075,"
                9.1
            ",Tokyo,https://www.hostelworld.com/hosteldetails.php/Capsule-Hotel-Anshin-Oyado-Akihabara/Tokyo/281075
Edo Tokyo Hostel,272412,"
                4.9
            ",Tokyo,https://www.hostelworld.com/hosteldetails.php/Edo-Tokyo-Hostel/Tokyo/272412
Capsule Hotel Anshin Oyado Shinbashi,281072,"
                0.0
            ",Tokyo,https://www.hostelworld.com/hosteldetails.php/Capsule-Hotel-Anshin-Oyado-Shinbashi/Tokyo/281072
Japan Hostel Shinya Tokkyu,291182,"
                0.0
            ",Tokyo,https://www.hostelworld.com/hosteldetails.php/Japan-Hostel-Shinya-Tokkyu/Tokyo/291182
Hiromas Hostel in Ueno,286076,"
                9.1
            ",Tokyo,https://www.hostelworld.com/hosteldetails.php/Hiromas-Hostel-in-Ueno/Tokyo/286076
With B,285883,"
                7.8
            ",Tokyo,https://www.hostelworld.com/hosteldetails.php/With-B/Tokyo/285883
Hisayo's Inn,283587,"
                10.0
            ",Tokyo,https://www.hostelworld.com/hosteldetails.php/Hisayo-s-Inn/Tokyo/283587
bnb+ Costeln Akibaï¼Female onlyï¼,282620,"
                0.0
            ",Tokyo,https://www.hostelworld.com/hosteldetails.php/bnb-Costeln-Akiba-Female-only/Tokyo/282620
Tokyo House Inn,272913,"
                0.0
            ",Tokyo,https://www.hostelworld.com/hosteldetails.php/Tokyo-House-Inn/Tokyo/272913
Shibamata FU-TEN Bed and Local,276190,"
                0.0
            ",Tokyo,https://www.hostelworld.com/hosteldetails.php/Shibamata-FU-TEN-Bed-and-Local/Tokyo/276190
Tamanoi Hostel 201/301,281335,"
                0.0
            ",Tokyo,https://www.hostelworld.com/hosteldetails.php/Tamanoi-Hostel-201-301/Tokyo/281335
bnb+ Ninja Dojo Ueno,282676,"
                0.0
            ",Tokyo,https://www.hostelworld.com/hosteldetails.php/bnb-Ninja-Dojo-Ueno/Tokyo/282676
Asakusa Central Hotel,12220,"
                0.0
            ",Tokyo,https://www.hostelworld.com/hosteldetails.php/Asakusa-Central-Hotel/Tokyo/12220
Hoshi Kai Kan,54783,"
                0.0
            ",Tokyo,https://www.hostelworld.com/hosteldetails.php/Hoshi-Kai-Kan/Tokyo/54783
Hotel Boston Club,96427,"
                0.0
            ",Tokyo,https://www.hostelworld.com/hosteldetails.php/Hotel-Boston-Club/Tokyo/96427
Japanize Guest House,273068,"
                6.3
            ",Tokyo,https://www.hostelworld.com/hosteldetails.php/Japanize-Guest-House/Tokyo/273068
Tokyo Hutte,266636,"
                0.0
            ",Tokyo,https://www.hostelworld.com/hosteldetails.php/Tokyo-Hutte/Tokyo/266636
Mustard Hotel Asakusa2,295313,"
                0.0
            ",Tokyo,https://www.hostelworld.com/hosteldetails.php/Mustard-Hotel-Asakusa2/Tokyo/295313
M Montreal,49955,"
                9.6
            ",Montreal,https://www.hostelworld.com/hosteldetails.php/M-Montreal/Montreal/49955
HI Montreal,4699,"
                9.2
            ",Montreal,https://www.hostelworld.com/hosteldetails.php/HI-Montreal/Montreal/4699
Samesun Montreal Central,35143,"
                9.2
            ",Montreal,https://www.hostelworld.com/hosteldetails.php/Samesun-Montreal-Central/Montreal/35143
Alexandrie-MontrÃ©al,18834,"
                9.2
            ",Montreal,https://www.hostelworld.com/hosteldetails.php/Alexandrie-Montreal/Montreal/18834
Auberge Saint-Paul,89762,"
                9.2
            ",Montreal,https://www.hostelworld.com/hosteldetails.php/Auberge-Saint-Paul/Montreal/89762
Auberge Bishop,63208,"
                9.0
            ",Montreal,https://www.hostelworld.com/hosteldetails.php/Auberge-Bishop/Montreal/63208
Pied-A-Terre Mont-Royal,285951,"
                6.5
            ",Montreal,https://www.hostelworld.com/hosteldetails.php/Pied-A-Terre-Mont-Royal/Montreal/285951
Auberge L'Apero,35085,"
                7.7
            ",Montreal,https://www.hostelworld.com/hosteldetails.php/Auberge-L-Apero/Montreal/35085
The Alternative Hostel of Old Montreal,32787,"
                9.0
            ",Montreal,https://www.hostelworld.com/hosteldetails.php/The-Alternative-Hostel-of-Old-Montreal/Montreal/32787
Le Gite du Plateau Mont-Royal,8840,"
                9.1
            ",Montreal,https://www.hostelworld.com/hosteldetails.php/Le-Gite-du-Plateau-Mont-Royal/Montreal/8840
HÃ´tel Champ-de-Mars,8544,"
                5.0
            ",Montreal,https://www.hostelworld.com/hosteldetails.php/Hotel-Champ-de-Mars/Montreal/8544
The Grey Nuns Residence by Concordia University,273133,"
                9.1
            ",Montreal,https://www.hostelworld.com/hosteldetails.php/The-Grey-Nuns-Residence-by-Concordia-University/Montreal/273133
ZUM Hotel,72268,"
                5.7
            ",Montreal,https://www.hostelworld.com/hosteldetails.php/ZUM-Hotel/Montreal/72268
Le GÃ®te du Parc Lafontaine,16143,"
                8.6
            ",Montreal,https://www.hostelworld.com/hosteldetails.php/Le-Gite-du-Parc-Lafontaine/Montreal/16143
Visitel Hotel Montreal,43238,"
                8.1
            ",Montreal,https://www.hostelworld.com/hosteldetails.php/Visitel-Hotel-Montreal/Montreal/43238
Hotel Ambrose,47479,"
                9.2
            ",Montreal,https://www.hostelworld.com/hosteldetails.php/Hotel-Ambrose/Montreal/47479
The Celebrities Hotel,32079,"
                6.7
            ",Montreal,https://www.hostelworld.com/hosteldetails.php/The-Celebrities-Hotel/Montreal/32079
Gite King Hostel,291290,"
                8.3
            ",Montreal,https://www.hostelworld.com/hosteldetails.php/Gite-King-Hostel/Montreal/291290
Hotel Ste-Catherine,37684,"
                7.0
            ",Montreal,https://www.hostelworld.com/hosteldetails.php/Hotel-Ste-Catherine/Montreal/37684
Samesun Vancouver,852,"
                8.8
            ",Vancouver,https://www.hostelworld.com/hosteldetails.php/Samesun-Vancouver/Vancouver/852
Cambie Hostel - Gastown,854,"
                8.2
            ",Vancouver,https://www.hostelworld.com/hosteldetails.php/Cambie-Hostel-Gastown/Vancouver/854
HI Vancouver Central,3986,"
                8.5
            ",Vancouver,https://www.hostelworld.com/hosteldetails.php/HI-Vancouver-Central/Vancouver/3986
HI Vancouver Downtown,3987,"
                8.5
            ",Vancouver,https://www.hostelworld.com/hosteldetails.php/HI-Vancouver-Downtown/Vancouver/3987
St. Clair Hotel-Hostel,398,"
                7.5
            ",Vancouver,https://www.hostelworld.com/hosteldetails.php/St-Clair-Hotel-Hostel/Vancouver/398
Vancouver Backpacker House,33665,"
                7.4
            ",Vancouver,https://www.hostelworld.com/hosteldetails.php/Vancouver-Backpacker-House/Vancouver/33665
YWCA Hotel,3759,"
                9.1
            ",Vancouver,https://www.hostelworld.com/hosteldetails.php/YWCA-Hotel/Vancouver/3759
Burnaby Rentals,280798,"
                9.0
            ",Vancouver,https://www.hostelworld.com/hosteldetails.php/Burnaby-Rentals/Vancouver/280798
Cambie Hostel - Seymour,855,"
                7.7
            ",Vancouver,https://www.hostelworld.com/hosteldetails.php/Cambie-Hostel-Seymour/Vancouver/855
HI Vancouver Jericho Beach,4320,"
                7.0
            ",Vancouver,https://www.hostelworld.com/hosteldetails.php/HI-Vancouver-Jericho-Beach/Vancouver/4320
Budget Inn Patricia Hotel,32809,"
                5.3
            ",Vancouver,https://www.hostelworld.com/hosteldetails.php/Budget-Inn-Patricia-Hotel/Vancouver/32809
Pacific Spirit Hostel,278919,"
                8.4
            ",Vancouver,https://www.hostelworld.com/hosteldetails.php/Pacific-Spirit-Hostel/Vancouver/278919
Ellison House,2627,"
                8.0
            ",Vancouver,https://www.hostelworld.com/hosteldetails.php/Ellison-House/Vancouver/2627
USA Hostels San Francisco,17521,"
                9.1
            ",San Francisco,https://www.hostelworld.com/hosteldetails.php/USA-Hostels-San-Francisco/San-Francisco/17521
HI San Francisco - Downtown,4549,"
                8.9
            ",San Francisco,https://www.hostelworld.com/hosteldetails.php/HI-San-Francisco-Downtown/San-Francisco/4549
HI San Francisco - City Center,1827,"
                8.5
            ",San Francisco,https://www.hostelworld.com/hosteldetails.php/HI-San-Francisco-City-Center/San-Francisco/1827
SFO Crashpad,282980,"
                7.4
            ",San Francisco,https://www.hostelworld.com/hosteldetails.php/SFO-Crashpad/San-Francisco/282980
Amsterdam Hostel,17927,"
                7.0
            ",San Francisco,https://www.hostelworld.com/hosteldetails.php/Amsterdam-Hostel/San-Francisco/17927
HI San Francisco - Fisherman's Wharf,4551,"
                8.6
            ",San Francisco,https://www.hostelworld.com/hosteldetails.php/HI-San-Francisco-Fisherman-s-Wharf/San-Francisco/4551
Orange Village Hostel,39781,"
                7.8
            ",San Francisco,https://www.hostelworld.com/hosteldetails.php/Orange-Village-Hostel/San-Francisco/39781
Music City Hotel/Hostel,33320,"
                8.4
            ",San Francisco,https://www.hostelworld.com/hosteldetails.php/Music-City-Hotel-Hostel/San-Francisco/33320
Green Tortoise Hostel,1821,"
                8.9
            ",San Francisco,https://www.hostelworld.com/hosteldetails.php/Green-Tortoise-Hostel/San-Francisco/1821
European Hostel,38114,"
                5.5
            ",San Francisco,https://www.hostelworld.com/hosteldetails.php/European-Hostel/San-Francisco/38114
Union Hotel,264176,"
                7.7
            ",San Francisco,https://www.hostelworld.com/hosteldetails.php/Union-Hotel/San-Francisco/264176
Admiral Hotel,293590,"
                0.0
            ",San Francisco,https://www.hostelworld.com/hosteldetails.php/Admiral-Hotel/San-Francisco/293590
Winsor Hotel,75511,"
                8.4
            ",San Francisco,https://www.hostelworld.com/hosteldetails.php/Winsor-Hotel/San-Francisco/75511
The Urban Hotel,270957,"
                9.4
            ",San Francisco,https://www.hostelworld.com/hosteldetails.php/The-Urban-Hotel/San-Francisco/270957
Mithila Hotel,10453,"
                7.9
            ",San Francisco,https://www.hostelworld.com/hosteldetails.php/Mithila-Hotel/San-Francisco/10453
Taylor Hotel,5334,"
                5.7
            ",San Francisco,https://www.hostelworld.com/hosteldetails.php/Taylor-Hotel/San-Francisco/5334
Ram's Hotel,272589,"
                5.9
            ",San Francisco,https://www.hostelworld.com/hosteldetails.php/Ram-s-Hotel/San-Francisco/272589
Freehand Los Angeles,272919,"
                9.1
            ",Los Angeles,https://www.hostelworld.com/hosteldetails.php/Freehand-Los-Angeles/Los-Angeles/272919
USA Hostels Hollywood,824,"
                9.2
            ",Los Angeles,https://www.hostelworld.com/hosteldetails.php/USA-Hostels-Hollywood/Los-Angeles/824
Banana Bungalow Hollywood,11182,"
                8.4
            ",Los Angeles,https://www.hostelworld.com/hosteldetails.php/Banana-Bungalow-Hollywood/Los-Angeles/11182
HI Los Angeles - Santa Monica,1851,"
                9.0
            ",Los Angeles,https://www.hostelworld.com/hosteldetails.php/HI-Los-Angeles-Santa-Monica/Los-Angeles/1851
Samesun Venice Beach,1826,"
                8.7
            ",Los Angeles,https://www.hostelworld.com/hosteldetails.php/Samesun-Venice-Beach/Los-Angeles/1826
PodShare Venice Beach,276017,"
                8.9
            ",Los Angeles,https://www.hostelworld.com/hosteldetails.php/PodShare-Venice-Beach/Los-Angeles/276017
Walk of Fame Hollywood Hostel,32211,"
                8.6
            ",Los Angeles,https://www.hostelworld.com/hosteldetails.php/Walk-of-Fame-Hollywood-Hostel/Los-Angeles/32211
Melrose Hostel,276246,"
                9.1
            ",Los Angeles,https://www.hostelworld.com/hosteldetails.php/Melrose-Hostel/Los-Angeles/276246
Banana Bungalow West Hollywood,16860,"
                8.5
            ",Los Angeles,https://www.hostelworld.com/hosteldetails.php/Banana-Bungalow-West-Hollywood/Los-Angeles/16860
The Venice Beach Hostel,1819,"
                8.5
            ",Los Angeles,https://www.hostelworld.com/hosteldetails.php/The-Venice-Beach-Hostel/Los-Angeles/1819
Orange Drive Hostel,838,"
                9.0
            ",Los Angeles,https://www.hostelworld.com/hosteldetails.php/Orange-Drive-Hostel/Los-Angeles/838
PodShare Arts District,266454,"
                7.3
            ",Los Angeles,https://www.hostelworld.com/hosteldetails.php/PodShare-Arts-District/Los-Angeles/266454
Libra Hotel,282167,"
                7.8
            ",Los Angeles,https://www.hostelworld.com/hosteldetails.php/Libra-Hotel/Los-Angeles/282167
DormShare,284238,"
                8.1
            ",Los Angeles,https://www.hostelworld.com/hosteldetails.php/DormShare/Los-Angeles/284238
Surf City Hostel,5591,"
                8.2
            ",Los Angeles,https://www.hostelworld.com/hosteldetails.php/Surf-City-Hostel/Los-Angeles/5591
Venice Beach Hostel,842,"
                7.0
            ",Los Angeles,https://www.hostelworld.com/hosteldetails.php/Venice-Beach-Hostel/Los-Angeles/842
Hollywood and Highland Hostel and Hotel,16098,"
                7.3
            ",Los Angeles,https://www.hostelworld.com/hosteldetails.php/Hollywood-and-Highland-Hostel-and-Hotel/Los-Angeles/16098
PodShare Los Feliz,272490,"
                7.8
            ",Los Angeles,https://www.hostelworld.com/hosteldetails.php/PodShare-Los-Feliz/Los-Angeles/272490
HI Los Angeles - South Bay,16598,"
                8.4
            ",Los Angeles,https://www.hostelworld.com/hosteldetails.php/HI-Los-Angeles-South-Bay/Los-Angeles/16598
PodShare,59664,"
                8.6
            ",Los Angeles,https://www.hostelworld.com/hosteldetails.php/PodShare/Los-Angeles/59664
Timen's House,18925,"
                6.8
            ",Los Angeles,https://www.hostelworld.com/hosteldetails.php/Timen-s-House/Los-Angeles/18925
Sea Rock Inn,20894,"
                9.4
            ",Los Angeles,https://www.hostelworld.com/hosteldetails.php/Sea-Rock-Inn/Los-Angeles/20894
Ocean Park Hotel,47237,"
                0.0
            ",Los Angeles,https://www.hostelworld.com/hosteldetails.php/Ocean-Park-Hotel/Los-Angeles/47237
